source_file,source_family,quarantine_exact_rows,exact_share_pct
metadata/context_buckets/glm47-le-131072.parquet,metadata/context_buckets,51389,3.687225
metadata/context_buckets/glm47-le-16384.parquet,metadata/context_buckets,51389,3.687225
metadata/context_buckets/glm47-le-32768.parquet,metadata/context_buckets,51389,3.687225
metadata/context_buckets/glm47-le-65536.parquet,metadata/context_buckets,51389,3.687225
metadata/context_buckets/llama31_final-le-131072.parquet,metadata/context_buckets,51389,3.687225
metadata/context_buckets/llama31_final-le-16384.parquet,metadata/context_buckets,51389,3.687225
metadata/context_buckets/llama31_final-le-32768.parquet,metadata/context_buckets,51389,3.687225
metadata/context_buckets/llama31_final-le-65536.parquet,metadata/context_buckets,51389,3.687225
metadata/context_buckets/qwen3-le-131072.parquet,metadata/context_buckets,51389,3.687225
metadata/context_buckets/qwen3-le-16384.parquet,metadata/context_buckets,51389,3.687225
metadata/context_buckets/qwen3-le-32768.parquet,metadata/context_buckets,51389,3.687225
metadata/context_buckets/qwen3-le-65536.parquet,metadata/context_buckets,51389,3.687225
metadata/context_buckets/llama31_final-le-8192.parquet,metadata/context_buckets,51388,3.687153
metadata/context_buckets/glm47-le-8192.parquet,metadata/context_buckets,51386,3.68701
metadata/context_buckets/qwen3-le-8192.parquet,metadata/context_buckets,51381,3.686651
metadata/context_buckets/llama31_final-le-4096.parquet,metadata/context_buckets,50882,3.650847
metadata/context_buckets/glm47-le-4096.parquet,metadata/context_buckets,50632,3.632909
metadata/context_buckets/qwen3-le-4096.parquet,metadata/context_buckets,50529,3.625519
metadata/parent_ids/prompt_completion_text.parquet,metadata/parent_ids,46082,3.306441
metadata/parent_ids/sft_reasoning.parquet,metadata/parent_ids,43132,3.094775
data/canonical/train-00000-of-00005.parquet,data/canonical,10000,0.717512
data/canonical/train-00000-of-00006.parquet,data/canonical,10000,0.717512
data/canonical/train-00001-of-00005.parquet,data/canonical,10000,0.717512
data/canonical/train-00001-of-00006.parquet,data/canonical,10000,0.717512
data/canonical/train-00002-of-00005.parquet,data/canonical,10000,0.717512
data/canonical/train-00002-of-00006.parquet,data/canonical,10000,0.717512
data/canonical/train-00003-of-00005.parquet,data/canonical,10000,0.717512
data/canonical/train-00003-of-00006.parquet,data/canonical,10000,0.717512
data/canonical/train-00004-of-00006.parquet,data/canonical,10000,0.717512
data/prompt_completion_text/train-00000-of-00005.parquet,data/prompt_completion_text,10000,0.717512
data/prompt_completion_text/train-00001-of-00005.parquet,data/prompt_completion_text,10000,0.717512
data/prompt_completion_text/train-00002-of-00005.parquet,data/prompt_completion_text,10000,0.717512
data/prompt_completion_text/train-00003-of-00005.parquet,data/prompt_completion_text,10000,0.717512
data/token_stats/train-00000-of-00005.parquet,data/token_stats,10000,0.717512
data/token_stats/train-00000-of-00006.parquet,data/token_stats,10000,0.717512
data/token_stats/train-00001-of-00005.parquet,data/token_stats,10000,0.717512
data/token_stats/train-00001-of-00006.parquet,data/token_stats,10000,0.717512
data/token_stats/train-00002-of-00005.parquet,data/token_stats,10000,0.717512
data/token_stats/train-00002-of-00006.parquet,data/token_stats,10000,0.717512
data/token_stats/train-00003-of-00005.parquet,data/token_stats,10000,0.717512
data/token_stats/train-00003-of-00006.parquet,data/token_stats,10000,0.717512
data/token_stats/train-00004-of-00006.parquet,data/token_stats,10000,0.717512
data/prompt_completion_text/train-00004-of-00005.parquet,data/prompt_completion_text,6868,0.492788
data/canonical/train-00004-of-00005.parquet,data/canonical,6250,0.448445
data/token_stats/train-00004-of-00005.parquet,data/token_stats,6250,0.448445
data/rl_tool_prompts/train-00000-of-00001.parquet,data/rl_tool_prompts,5337,0.382936
metadata/parent_ids/rl_tool_prompts.parquet,metadata/parent_ids,5307,0.380784
metadata/parent_ids/sft_tools.parquet,metadata/parent_ids,5307,0.380784
data/canonical/validation-00000-of-00001.parquet,data/canonical,2872,0.20607
data/token_stats/validation-00000-of-00001.parquet,data/token_stats,2872,0.20607
data/canonical/test-00000-of-00001.parquet,data/canonical,2860,0.205209
data/token_stats/test-00000-of-00001.parquet,data/token_stats,2860,0.205209
data/prompt_completion_text/validation-00000-of-00001.parquet,data/prompt_completion_text,2598,0.18641
data/prompt_completion_text/test-00000-of-00001.parquet,data/prompt_completion_text,2562,0.183827
data/glm47_native/test-00000-of-00002.parquet,data/glm47_native,2500,0.179378
data/glm47_native/train-00000-of-00019.parquet,data/glm47_native,2500,0.179378
data/glm47_native/train-00000-of-00021.parquet,data/glm47_native,2500,0.179378
data/glm47_native/train-00001-of-00019.parquet,data/glm47_native,2500,0.179378
data/glm47_native/train-00001-of-00021.parquet,data/glm47_native,2500,0.179378
data/glm47_native/train-00002-of-00019.parquet,data/glm47_native,2500,0.179378
data/glm47_native/train-00002-of-00021.parquet,data/glm47_native,2500,0.179378
data/glm47_native/train-00003-of-00019.parquet,data/glm47_native,2500,0.179378
data/glm47_native/train-00003-of-00021.parquet,data/glm47_native,2500,0.179378
data/glm47_native/train-00004-of-00019.parquet,data/glm47_native,2500,0.179378
data/glm47_native/train-00004-of-00021.parquet,data/glm47_native,2500,0.179378
data/glm47_native/train-00005-of-00019.parquet,data/glm47_native,2500,0.179378
data/glm47_native/train-00005-of-00021.parquet,data/glm47_native,2500,0.179378
data/glm47_native/train-00006-of-00019.parquet,data/glm47_native,2500,0.179378
data/glm47_native/train-00006-of-00021.parquet,data/glm47_native,2500,0.179378
data/glm47_native/train-00007-of-00019.parquet,data/glm47_native,2500,0.179378
data/glm47_native/train-00007-of-00021.parquet,data/glm47_native,2500,0.179378
data/glm47_native/train-00008-of-00019.parquet,data/glm47_native,2500,0.179378
data/glm47_native/train-00008-of-00021.parquet,data/glm47_native,2500,0.179378
data/glm47_native/train-00009-of-00019.parquet,data/glm47_native,2500,0.179378
data/glm47_native/train-00009-of-00021.parquet,data/glm47_native,2500,0.179378
data/glm47_native/train-00010-of-00019.parquet,data/glm47_native,2500,0.179378
data/glm47_native/train-00010-of-00021.parquet,data/glm47_native,2500,0.179378
data/glm47_native/train-00011-of-00019.parquet,data/glm47_native,2500,0.179378
data/glm47_native/train-00011-of-00021.parquet,data/glm47_native,2500,0.179378
data/glm47_native/train-00012-of-00019.parquet,data/glm47_native,2500,0.179378
data/glm47_native/train-00012-of-00021.parquet,data/glm47_native,2500,0.179378
data/glm47_native/train-00013-of-00019.parquet,data/glm47_native,2500,0.179378
data/glm47_native/train-00013-of-00021.parquet,data/glm47_native,2500,0.179378
data/glm47_native/train-00014-of-00019.parquet,data/glm47_native,2500,0.179378
data/glm47_native/train-00014-of-00021.parquet,data/glm47_native,2500,0.179378
data/glm47_native/train-00015-of-00019.parquet,data/glm47_native,2500,0.179378
data/glm47_native/train-00015-of-00021.parquet,data/glm47_native,2500,0.179378
data/glm47_native/train-00016-of-00019.parquet,data/glm47_native,2500,0.179378
data/glm47_native/train-00016-of-00021.parquet,data/glm47_native,2500,0.179378
data/glm47_native/train-00017-of-00019.parquet,data/glm47_native,2500,0.179378
data/glm47_native/train-00017-of-00021.parquet,data/glm47_native,2500,0.179378
data/glm47_native/train-00018-of-00021.parquet,data/glm47_native,2500,0.179378
data/glm47_native/train-00019-of-00021.parquet,data/glm47_native,2500,0.179378
data/glm47_native/validation-00000-of-00002.parquet,data/glm47_native,2500,0.179378
data/canonical/train-00005-of-00006.parquet,data/canonical,2205,0.158211
data/glm47_native/train-00020-of-00021.parquet,data/glm47_native,2205,0.158211
data/token_stats/train-00005-of-00006.parquet,data/token_stats,2205,0.158211
data/glm47_native/train-00018-of-00019.parquet,data/glm47_native,1250,0.089689
data/glm47_native/validation-00001-of-00002.parquet,data/glm47_native,372,0.026691
data/glm47_native/test-00001-of-00002.parquet,data/glm47_native,360,0.02583
data/rl_tool_prompts/test-00000-of-00001.parquet,data/rl_tool_prompts,298,0.021382
data/rl_tool_prompts/validation-00000-of-00001.parquet,data/rl_tool_prompts,274,0.01966
metadata/parent_ids/smoke.parquet,metadata/parent_ids,256,0.018368
data/smoke/train-00000-of-00001.parquet,data/smoke,228,0.016359
data/smoke/validation-00000-of-00001.parquet,data/smoke,15,0.001076
data/smoke/test-00000-of-00001.parquet,data/smoke,13,0.000933
