sample_id,sample_stratum,source_dataset,source_row_id,source_file,source_family,record_id,cluster_id,cluster_candidate_rows,cluster_source_rows,eval_corpora,eval_fingerprint_rows,raw_status,raw_reasons,similarity,content_hash,prompt_hash,candidate_projection_empty,all_eval_projections_empty,false_positive_candidate,false_positive_basis,recommended_disposition,sample_priority
1,frontier_multi_teacher|data/glm47_native|content_sha256:e3b0c44298fc1c149afbf4c8996fb92427ae41e4649b934ca495991b7852b855,frontier_multi_teacher,data/glm47_native/train-00009-of-00021.parquet#44,data/glm47_native/train-00009-of-00021.parquet,data/glm47_native,77ed1d758234850cc0453aac507efd6e49a7084e78375024ebe89e27de11817e,content_sha256:e3b0c44298fc1c149afbf4c8996fb92427ae41e4649b934ca495991b7852b855,1393704,1393704,japanese_mt_bench,430,quarantine_exact,full_content_sha256,1.0,e3b0c44298fc1c149afbf4c8996fb92427ae41e4649b934ca495991b7852b855,,True,True,True,candidate_and_eval_normalized_content_are_empty,keep_quarantined_and_rescan_after_extractor_fix,000005dfcd71d715
2,frontier_multi_teacher|metadata/context_buckets|content_sha256:e3b0c44298fc1c149afbf4c8996fb92427ae41e4649b934ca495991b7852b855,frontier_multi_teacher,metadata/context_buckets/qwen3-le-4096.parquet#49377,metadata/context_buckets/qwen3-le-4096.parquet,metadata/context_buckets,f3d78b030ebaaccf9fdc4fe35e1bb690f8d2b836a20053fb8ce30d2e7b3cd935,content_sha256:e3b0c44298fc1c149afbf4c8996fb92427ae41e4649b934ca495991b7852b855,1393704,1393704,japanese_mt_bench,430,quarantine_exact,full_content_sha256,1.0,e3b0c44298fc1c149afbf4c8996fb92427ae41e4649b934ca495991b7852b855,,True,True,True,candidate_and_eval_normalized_content_are_empty,keep_quarantined_and_rescan_after_extractor_fix,000017a4b0ac858f
3,frontier_multi_teacher|metadata/context_buckets|content_sha256:e3b0c44298fc1c149afbf4c8996fb92427ae41e4649b934ca495991b7852b855,frontier_multi_teacher,metadata/context_buckets/qwen3-le-8192.parquet#14024,metadata/context_buckets/qwen3-le-8192.parquet,metadata/context_buckets,b2951abcf56fd55daac3c73cb78c050f3e7ef35dbcf223fba69657f7e9a4926f,content_sha256:e3b0c44298fc1c149afbf4c8996fb92427ae41e4649b934ca495991b7852b855,1393704,1393704,japanese_mt_bench,430,quarantine_exact,full_content_sha256,1.0,e3b0c44298fc1c149afbf4c8996fb92427ae41e4649b934ca495991b7852b855,,True,True,True,candidate_and_eval_normalized_content_are_empty,keep_quarantined_and_rescan_after_extractor_fix,00001c1a76efaf96
4,frontier_multi_teacher|metadata/context_buckets|content_sha256:e3b0c44298fc1c149afbf4c8996fb92427ae41e4649b934ca495991b7852b855,frontier_multi_teacher,metadata/context_buckets/qwen3-le-8192.parquet#43901,metadata/context_buckets/qwen3-le-8192.parquet,metadata/context_buckets,da924b5537d6551eee27e104866a65d612215284e43a0cc286657e0cfdbcc067,content_sha256:e3b0c44298fc1c149afbf4c8996fb92427ae41e4649b934ca495991b7852b855,1393704,1393704,japanese_mt_bench,430,quarantine_exact,full_content_sha256,1.0,e3b0c44298fc1c149afbf4c8996fb92427ae41e4649b934ca495991b7852b855,,True,True,True,candidate_and_eval_normalized_content_are_empty,keep_quarantined_and_rescan_after_extractor_fix,00001dd08c57e9d9
5,frontier_multi_teacher|metadata/context_buckets|content_sha256:e3b0c44298fc1c149afbf4c8996fb92427ae41e4649b934ca495991b7852b855,frontier_multi_teacher,metadata/context_buckets/llama31_final-le-32768.parquet#22200,metadata/context_buckets/llama31_final-le-32768.parquet,metadata/context_buckets,d44de5afa7ee468021109f07c9a48c941dc8590c837820aeabe176e5a89d5d72,content_sha256:e3b0c44298fc1c149afbf4c8996fb92427ae41e4649b934ca495991b7852b855,1393704,1393704,japanese_mt_bench,430,quarantine_exact,full_content_sha256,1.0,e3b0c44298fc1c149afbf4c8996fb92427ae41e4649b934ca495991b7852b855,,True,True,True,candidate_and_eval_normalized_content_are_empty,keep_quarantined_and_rescan_after_extractor_fix,000021a0efe1fba4
6,frontier_multi_teacher|metadata/context_buckets|content_sha256:e3b0c44298fc1c149afbf4c8996fb92427ae41e4649b934ca495991b7852b855,frontier_multi_teacher,metadata/context_buckets/glm47-le-32768.parquet#14533,metadata/context_buckets/glm47-le-32768.parquet,metadata/context_buckets,6e33f2f21da675f64c64f4076f2be7c77b26a6be99fd134251a851eadd813e72,content_sha256:e3b0c44298fc1c149afbf4c8996fb92427ae41e4649b934ca495991b7852b855,1393704,1393704,japanese_mt_bench,430,quarantine_exact,full_content_sha256,1.0,e3b0c44298fc1c149afbf4c8996fb92427ae41e4649b934ca495991b7852b855,,True,True,True,candidate_and_eval_normalized_content_are_empty,keep_quarantined_and_rescan_after_extractor_fix,0000226f7a193eb6
7,frontier_multi_teacher|metadata/context_buckets|content_sha256:e3b0c44298fc1c149afbf4c8996fb92427ae41e4649b934ca495991b7852b855,frontier_multi_teacher,metadata/context_buckets/glm47-le-65536.parquet#29384,metadata/context_buckets/glm47-le-65536.parquet,metadata/context_buckets,40f491874dca6d54f552504afbf6989b5cd6617e392d708dd14f9c9a1a1c4e5d,content_sha256:e3b0c44298fc1c149afbf4c8996fb92427ae41e4649b934ca495991b7852b855,1393704,1393704,japanese_mt_bench,430,quarantine_exact,full_content_sha256,1.0,e3b0c44298fc1c149afbf4c8996fb92427ae41e4649b934ca495991b7852b855,,True,True,True,candidate_and_eval_normalized_content_are_empty,keep_quarantined_and_rescan_after_extractor_fix,000023bb0f465886
8,frontier_multi_teacher|data/prompt_completion_text|content_sha256:e3b0c44298fc1c149afbf4c8996fb92427ae41e4649b934ca495991b7852b855,frontier_multi_teacher,data/prompt_completion_text/validation-00000-of-00001.parquet#2007,data/prompt_completion_text/validation-00000-of-00001.parquet,data/prompt_completion_text,a44e575d1b50b4d374e223bb4ee1d0a5603db69880356cce50a1a3770e80530e,content_sha256:e3b0c44298fc1c149afbf4c8996fb92427ae41e4649b934ca495991b7852b855,1393704,1393704,japanese_mt_bench,430,quarantine_exact,full_content_sha256,1.0,e3b0c44298fc1c149afbf4c8996fb92427ae41e4649b934ca495991b7852b855,,True,True,True,candidate_and_eval_normalized_content_are_empty,keep_quarantined_and_rescan_after_extractor_fix,00002d2c36ff1ed9
9,frontier_multi_teacher|metadata/context_buckets|content_sha256:e3b0c44298fc1c149afbf4c8996fb92427ae41e4649b934ca495991b7852b855,frontier_multi_teacher,metadata/context_buckets/llama31_final-le-16384.parquet#43426,metadata/context_buckets/llama31_final-le-16384.parquet,metadata/context_buckets,ed48279883d5f694a59b3a9b4d10215707c25b4fcd15cacd0ee23d3ce7cda7c8,content_sha256:e3b0c44298fc1c149afbf4c8996fb92427ae41e4649b934ca495991b7852b855,1393704,1393704,japanese_mt_bench,430,quarantine_exact,full_content_sha256,1.0,e3b0c44298fc1c149afbf4c8996fb92427ae41e4649b934ca495991b7852b855,,True,True,True,candidate_and_eval_normalized_content_are_empty,keep_quarantined_and_rescan_after_extractor_fix,00003e08c1df9d81
10,frontier_multi_teacher|metadata/context_buckets|content_sha256:e3b0c44298fc1c149afbf4c8996fb92427ae41e4649b934ca495991b7852b855,frontier_multi_teacher,metadata/context_buckets/qwen3-le-65536.parquet#32102,metadata/context_buckets/qwen3-le-65536.parquet,metadata/context_buckets,58b11ec2086c7902ab6588b5144f7fe16b4e1e74a9a4e29d040123ed54626b7a,content_sha256:e3b0c44298fc1c149afbf4c8996fb92427ae41e4649b934ca495991b7852b855,1393704,1393704,japanese_mt_bench,430,quarantine_exact,full_content_sha256,1.0,e3b0c44298fc1c149afbf4c8996fb92427ae41e4649b934ca495991b7852b855,,True,True,True,candidate_and_eval_normalized_content_are_empty,keep_quarantined_and_rescan_after_extractor_fix,00003ee484c23e4a
11,frontier_multi_teacher|data/canonical|content_sha256:e3b0c44298fc1c149afbf4c8996fb92427ae41e4649b934ca495991b7852b855,frontier_multi_teacher,data/canonical/train-00002-of-00006.parquet#3646,data/canonical/train-00002-of-00006.parquet,data/canonical,a11e3c11501885b6e49f9c9986884bf468c62d5c4d383df0ad5a22e0b6541b15,content_sha256:e3b0c44298fc1c149afbf4c8996fb92427ae41e4649b934ca495991b7852b855,1393704,1393704,japanese_mt_bench,430,quarantine_exact,full_content_sha256,1.0,e3b0c44298fc1c149afbf4c8996fb92427ae41e4649b934ca495991b7852b855,,True,True,True,candidate_and_eval_normalized_content_are_empty,keep_quarantined_and_rescan_after_extractor_fix,00004247478219f4
12,frontier_multi_teacher|metadata/context_buckets|content_sha256:e3b0c44298fc1c149afbf4c8996fb92427ae41e4649b934ca495991b7852b855,frontier_multi_teacher,metadata/context_buckets/glm47-le-32768.parquet#19532,metadata/context_buckets/glm47-le-32768.parquet,metadata/context_buckets,840df33d858fcd7c41f3e062589c361ef012ab1dafd80f5a21660f5763329167,content_sha256:e3b0c44298fc1c149afbf4c8996fb92427ae41e4649b934ca495991b7852b855,1393704,1393704,japanese_mt_bench,430,quarantine_exact,full_content_sha256,1.0,e3b0c44298fc1c149afbf4c8996fb92427ae41e4649b934ca495991b7852b855,,True,True,True,candidate_and_eval_normalized_content_are_empty,keep_quarantined_and_rescan_after_extractor_fix,00004d07ffdf9d93
13,frontier_multi_teacher|metadata/context_buckets|content_sha256:e3b0c44298fc1c149afbf4c8996fb92427ae41e4649b934ca495991b7852b855,frontier_multi_teacher,metadata/context_buckets/llama31_final-le-16384.parquet#40834,metadata/context_buckets/llama31_final-le-16384.parquet,metadata/context_buckets,856ac01a4d0582e62c9f0e2a7b0edf2c6cbd40812965df1b47900199b895213f,content_sha256:e3b0c44298fc1c149afbf4c8996fb92427ae41e4649b934ca495991b7852b855,1393704,1393704,japanese_mt_bench,430,quarantine_exact,full_content_sha256,1.0,e3b0c44298fc1c149afbf4c8996fb92427ae41e4649b934ca495991b7852b855,,True,True,True,candidate_and_eval_normalized_content_are_empty,keep_quarantined_and_rescan_after_extractor_fix,0000567426dc7db2
14,frontier_multi_teacher|metadata/parent_ids|content_sha256:e3b0c44298fc1c149afbf4c8996fb92427ae41e4649b934ca495991b7852b855,frontier_multi_teacher,metadata/parent_ids/prompt_completion_text.parquet#29203,metadata/parent_ids/prompt_completion_text.parquet,metadata/parent_ids,2a49d4e214142933d60b52e7c4168d906dc05dfc57e2c74b35aa0fc1e63616fb,content_sha256:e3b0c44298fc1c149afbf4c8996fb92427ae41e4649b934ca495991b7852b855,1393704,1393704,japanese_mt_bench,430,quarantine_exact,full_content_sha256,1.0,e3b0c44298fc1c149afbf4c8996fb92427ae41e4649b934ca495991b7852b855,,True,True,True,candidate_and_eval_normalized_content_are_empty,keep_quarantined_and_rescan_after_extractor_fix,00005aaeb4ff4a3c
15,frontier_multi_teacher|metadata/context_buckets|content_sha256:e3b0c44298fc1c149afbf4c8996fb92427ae41e4649b934ca495991b7852b855,frontier_multi_teacher,metadata/context_buckets/glm47-le-16384.parquet#5972,metadata/context_buckets/glm47-le-16384.parquet,metadata/context_buckets,008bb2bc8dd5e55fbbb96cbc8adf0898e066b0d52dbff4a84d616f15021c8da4,content_sha256:e3b0c44298fc1c149afbf4c8996fb92427ae41e4649b934ca495991b7852b855,1393704,1393704,japanese_mt_bench,430,quarantine_exact,full_content_sha256,1.0,e3b0c44298fc1c149afbf4c8996fb92427ae41e4649b934ca495991b7852b855,,True,True,True,candidate_and_eval_normalized_content_are_empty,keep_quarantined_and_rescan_after_extractor_fix,00005fea45b98566
16,frontier_multi_teacher|metadata/context_buckets|content_sha256:e3b0c44298fc1c149afbf4c8996fb92427ae41e4649b934ca495991b7852b855,frontier_multi_teacher,metadata/context_buckets/glm47-le-65536.parquet#14413,metadata/context_buckets/glm47-le-65536.parquet,metadata/context_buckets,1c80b06be6e5d60d64de5b716d2fd09140935f47466ddcb212843574b2c169de,content_sha256:e3b0c44298fc1c149afbf4c8996fb92427ae41e4649b934ca495991b7852b855,1393704,1393704,japanese_mt_bench,430,quarantine_exact,full_content_sha256,1.0,e3b0c44298fc1c149afbf4c8996fb92427ae41e4649b934ca495991b7852b855,,True,True,True,candidate_and_eval_normalized_content_are_empty,keep_quarantined_and_rescan_after_extractor_fix,00007d0c30324858
17,frontier_multi_teacher|metadata/context_buckets|content_sha256:e3b0c44298fc1c149afbf4c8996fb92427ae41e4649b934ca495991b7852b855,frontier_multi_teacher,metadata/context_buckets/llama31_final-le-16384.parquet#12194,metadata/context_buckets/llama31_final-le-16384.parquet,metadata/context_buckets,1b1dbfd41b8989f7ca070ae4b50b50852a8d1a8ca721e1a4607859679f19d0a3,content_sha256:e3b0c44298fc1c149afbf4c8996fb92427ae41e4649b934ca495991b7852b855,1393704,1393704,japanese_mt_bench,430,quarantine_exact,full_content_sha256,1.0,e3b0c44298fc1c149afbf4c8996fb92427ae41e4649b934ca495991b7852b855,,True,True,True,candidate_and_eval_normalized_content_are_empty,keep_quarantined_and_rescan_after_extractor_fix,000094e6592bce4a
18,frontier_multi_teacher|metadata/context_buckets|content_sha256:e3b0c44298fc1c149afbf4c8996fb92427ae41e4649b934ca495991b7852b855,frontier_multi_teacher,metadata/context_buckets/qwen3-le-8192.parquet#8409,metadata/context_buckets/qwen3-le-8192.parquet,metadata/context_buckets,d1ca1ea661f1c725205b1a090550c54f4ca17aaddb6fa5482dab64752646547c,content_sha256:e3b0c44298fc1c149afbf4c8996fb92427ae41e4649b934ca495991b7852b855,1393704,1393704,japanese_mt_bench,430,quarantine_exact,full_content_sha256,1.0,e3b0c44298fc1c149afbf4c8996fb92427ae41e4649b934ca495991b7852b855,,True,True,True,candidate_and_eval_normalized_content_are_empty,keep_quarantined_and_rescan_after_extractor_fix,0000a503f0dab197
19,frontier_multi_teacher|metadata/context_buckets|content_sha256:e3b0c44298fc1c149afbf4c8996fb92427ae41e4649b934ca495991b7852b855,frontier_multi_teacher,metadata/context_buckets/llama31_final-le-4096.parquet#7051,metadata/context_buckets/llama31_final-le-4096.parquet,metadata/context_buckets,452dd921ff88460af96a4b67e862a6aff7d81c88b858119969587a102b1660ec,content_sha256:e3b0c44298fc1c149afbf4c8996fb92427ae41e4649b934ca495991b7852b855,1393704,1393704,japanese_mt_bench,430,quarantine_exact,full_content_sha256,1.0,e3b0c44298fc1c149afbf4c8996fb92427ae41e4649b934ca495991b7852b855,,True,True,True,candidate_and_eval_normalized_content_are_empty,keep_quarantined_and_rescan_after_extractor_fix,0000b40866fb92c0
20,frontier_multi_teacher|metadata/context_buckets|content_sha256:e3b0c44298fc1c149afbf4c8996fb92427ae41e4649b934ca495991b7852b855,frontier_multi_teacher,metadata/context_buckets/qwen3-le-32768.parquet#36952,metadata/context_buckets/qwen3-le-32768.parquet,metadata/context_buckets,5834138798e98c80a6788a3143efa467af03fe411cf4953aaa137a8bb2575992,content_sha256:e3b0c44298fc1c149afbf4c8996fb92427ae41e4649b934ca495991b7852b855,1393704,1393704,japanese_mt_bench,430,quarantine_exact,full_content_sha256,1.0,e3b0c44298fc1c149afbf4c8996fb92427ae41e4649b934ca495991b7852b855,,True,True,True,candidate_and_eval_normalized_content_are_empty,keep_quarantined_and_rescan_after_extractor_fix,0000d151d1c7ce41
21,frontier_multi_teacher|data/token_stats|content_sha256:e3b0c44298fc1c149afbf4c8996fb92427ae41e4649b934ca495991b7852b855,frontier_multi_teacher,data/token_stats/train-00004-of-00005.parquet#3453,data/token_stats/train-00004-of-00005.parquet,data/token_stats,da2c96790f5d8b59717275b8c67b17865c260410bd53a8ed6a229d4f5f2aaa8a,content_sha256:e3b0c44298fc1c149afbf4c8996fb92427ae41e4649b934ca495991b7852b855,1393704,1393704,japanese_mt_bench,430,quarantine_exact,full_content_sha256,1.0,e3b0c44298fc1c149afbf4c8996fb92427ae41e4649b934ca495991b7852b855,,True,True,True,candidate_and_eval_normalized_content_are_empty,keep_quarantined_and_rescan_after_extractor_fix,0000db18f3669dee
22,frontier_multi_teacher|metadata/context_buckets|content_sha256:e3b0c44298fc1c149afbf4c8996fb92427ae41e4649b934ca495991b7852b855,frontier_multi_teacher,metadata/context_buckets/qwen3-le-4096.parquet#27216,metadata/context_buckets/qwen3-le-4096.parquet,metadata/context_buckets,a9d0aef60d3b6d9b93367e14df930003209bc7f2c2d3e1618ed3092be003db79,content_sha256:e3b0c44298fc1c149afbf4c8996fb92427ae41e4649b934ca495991b7852b855,1393704,1393704,japanese_mt_bench,430,quarantine_exact,full_content_sha256,1.0,e3b0c44298fc1c149afbf4c8996fb92427ae41e4649b934ca495991b7852b855,,True,True,True,candidate_and_eval_normalized_content_are_empty,keep_quarantined_and_rescan_after_extractor_fix,0000e14a4ef2a5d6
23,frontier_multi_teacher|metadata/context_buckets|content_sha256:e3b0c44298fc1c149afbf4c8996fb92427ae41e4649b934ca495991b7852b855,frontier_multi_teacher,metadata/context_buckets/llama31_final-le-65536.parquet#16933,metadata/context_buckets/llama31_final-le-65536.parquet,metadata/context_buckets,fc90c4057ea5bdb634102f088e80a28fa5db3743885855f92916a9ab548d7d15,content_sha256:e3b0c44298fc1c149afbf4c8996fb92427ae41e4649b934ca495991b7852b855,1393704,1393704,japanese_mt_bench,430,quarantine_exact,full_content_sha256,1.0,e3b0c44298fc1c149afbf4c8996fb92427ae41e4649b934ca495991b7852b855,,True,True,True,candidate_and_eval_normalized_content_are_empty,keep_quarantined_and_rescan_after_extractor_fix,0000e33223cad755
24,frontier_multi_teacher|metadata/context_buckets|content_sha256:e3b0c44298fc1c149afbf4c8996fb92427ae41e4649b934ca495991b7852b855,frontier_multi_teacher,metadata/context_buckets/glm47-le-4096.parquet#13230,metadata/context_buckets/glm47-le-4096.parquet,metadata/context_buckets,7220359306118e0a9e20f0b39ea8b8753b4245e0684f2b0126081575659ca354,content_sha256:e3b0c44298fc1c149afbf4c8996fb92427ae41e4649b934ca495991b7852b855,1393704,1393704,japanese_mt_bench,430,quarantine_exact,full_content_sha256,1.0,e3b0c44298fc1c149afbf4c8996fb92427ae41e4649b934ca495991b7852b855,,True,True,True,candidate_and_eval_normalized_content_are_empty,keep_quarantined_and_rescan_after_extractor_fix,0001022169e21686
25,frontier_multi_teacher|data/token_stats|content_sha256:e3b0c44298fc1c149afbf4c8996fb92427ae41e4649b934ca495991b7852b855,frontier_multi_teacher,data/token_stats/train-00000-of-00006.parquet#6381,data/token_stats/train-00000-of-00006.parquet,data/token_stats,5bb301d74249e32331ff27491d10ee581f14ee2455aab43c748d5425f915ce57,content_sha256:e3b0c44298fc1c149afbf4c8996fb92427ae41e4649b934ca495991b7852b855,1393704,1393704,japanese_mt_bench,430,quarantine_exact,full_content_sha256,1.0,e3b0c44298fc1c149afbf4c8996fb92427ae41e4649b934ca495991b7852b855,,True,True,True,candidate_and_eval_normalized_content_are_empty,keep_quarantined_and_rescan_after_extractor_fix,000104a12b249bbf
26,frontier_multi_teacher|metadata/context_buckets|content_sha256:e3b0c44298fc1c149afbf4c8996fb92427ae41e4649b934ca495991b7852b855,frontier_multi_teacher,metadata/context_buckets/qwen3-le-16384.parquet#50516,metadata/context_buckets/qwen3-le-16384.parquet,metadata/context_buckets,589b17bdbf734aa468f20ec005c1266dc5d798cc385d3b5c9f193a1f336f3a5a,content_sha256:e3b0c44298fc1c149afbf4c8996fb92427ae41e4649b934ca495991b7852b855,1393704,1393704,japanese_mt_bench,430,quarantine_exact,full_content_sha256,1.0,e3b0c44298fc1c149afbf4c8996fb92427ae41e4649b934ca495991b7852b855,,True,True,True,candidate_and_eval_normalized_content_are_empty,keep_quarantined_and_rescan_after_extractor_fix,00011e2e6623450a
27,frontier_multi_teacher|metadata/context_buckets|content_sha256:e3b0c44298fc1c149afbf4c8996fb92427ae41e4649b934ca495991b7852b855,frontier_multi_teacher,metadata/context_buckets/glm47-le-8192.parquet#8998,metadata/context_buckets/glm47-le-8192.parquet,metadata/context_buckets,7ae1fb1d780e193c0eebe174b9e068dac6edbe048d7606fefdc450c1dc2fd2bf,content_sha256:e3b0c44298fc1c149afbf4c8996fb92427ae41e4649b934ca495991b7852b855,1393704,1393704,japanese_mt_bench,430,quarantine_exact,full_content_sha256,1.0,e3b0c44298fc1c149afbf4c8996fb92427ae41e4649b934ca495991b7852b855,,True,True,True,candidate_and_eval_normalized_content_are_empty,keep_quarantined_and_rescan_after_extractor_fix,000125fcefe7ff5e
28,frontier_multi_teacher|metadata/context_buckets|content_sha256:e3b0c44298fc1c149afbf4c8996fb92427ae41e4649b934ca495991b7852b855,frontier_multi_teacher,metadata/context_buckets/glm47-le-16384.parquet#46080,metadata/context_buckets/glm47-le-16384.parquet,metadata/context_buckets,71872291894ed4b2d21aa8d8209c81e4b425800e218a2c2a47d55169c8eb5402,content_sha256:e3b0c44298fc1c149afbf4c8996fb92427ae41e4649b934ca495991b7852b855,1393704,1393704,japanese_mt_bench,430,quarantine_exact,full_content_sha256,1.0,e3b0c44298fc1c149afbf4c8996fb92427ae41e4649b934ca495991b7852b855,,True,True,True,candidate_and_eval_normalized_content_are_empty,keep_quarantined_and_rescan_after_extractor_fix,00012ac3935c51d6
29,frontier_multi_teacher|metadata/context_buckets|content_sha256:e3b0c44298fc1c149afbf4c8996fb92427ae41e4649b934ca495991b7852b855,frontier_multi_teacher,metadata/context_buckets/qwen3-le-32768.parquet#39867,metadata/context_buckets/qwen3-le-32768.parquet,metadata/context_buckets,d7072e0a8f83e872544a9097576d0504964eb99438335aec28b60b27cc10acb9,content_sha256:e3b0c44298fc1c149afbf4c8996fb92427ae41e4649b934ca495991b7852b855,1393704,1393704,japanese_mt_bench,430,quarantine_exact,full_content_sha256,1.0,e3b0c44298fc1c149afbf4c8996fb92427ae41e4649b934ca495991b7852b855,,True,True,True,candidate_and_eval_normalized_content_are_empty,keep_quarantined_and_rescan_after_extractor_fix,00013a8197963386
30,frontier_multi_teacher|metadata/context_buckets|content_sha256:e3b0c44298fc1c149afbf4c8996fb92427ae41e4649b934ca495991b7852b855,frontier_multi_teacher,metadata/context_buckets/qwen3-le-8192.parquet#10692,metadata/context_buckets/qwen3-le-8192.parquet,metadata/context_buckets,56b9bb9f5554feba9c2aeda61474f6dccdb8733a7516bd12afedb1a1affd24cd,content_sha256:e3b0c44298fc1c149afbf4c8996fb92427ae41e4649b934ca495991b7852b855,1393704,1393704,japanese_mt_bench,430,quarantine_exact,full_content_sha256,1.0,e3b0c44298fc1c149afbf4c8996fb92427ae41e4649b934ca495991b7852b855,,True,True,True,candidate_and_eval_normalized_content_are_empty,keep_quarantined_and_rescan_after_extractor_fix,0001431fc00bec57
31,frontier_multi_teacher|metadata/context_buckets|content_sha256:e3b0c44298fc1c149afbf4c8996fb92427ae41e4649b934ca495991b7852b855,frontier_multi_teacher,metadata/context_buckets/qwen3-le-8192.parquet#50874,metadata/context_buckets/qwen3-le-8192.parquet,metadata/context_buckets,db473c35075f5a2e57e85e41ca644ef13bc1440be82bd986175b26c7b0c8f470,content_sha256:e3b0c44298fc1c149afbf4c8996fb92427ae41e4649b934ca495991b7852b855,1393704,1393704,japanese_mt_bench,430,quarantine_exact,full_content_sha256,1.0,e3b0c44298fc1c149afbf4c8996fb92427ae41e4649b934ca495991b7852b855,,True,True,True,candidate_and_eval_normalized_content_are_empty,keep_quarantined_and_rescan_after_extractor_fix,000146a8fae1c7e5
32,frontier_multi_teacher|metadata/context_buckets|content_sha256:e3b0c44298fc1c149afbf4c8996fb92427ae41e4649b934ca495991b7852b855,frontier_multi_teacher,metadata/context_buckets/qwen3-le-65536.parquet#14818,metadata/context_buckets/qwen3-le-65536.parquet,metadata/context_buckets,3428234fee2d6069bea6ba2d5d57b80fb883b737a52ed69e99bd22393109def0,content_sha256:e3b0c44298fc1c149afbf4c8996fb92427ae41e4649b934ca495991b7852b855,1393704,1393704,japanese_mt_bench,430,quarantine_exact,full_content_sha256,1.0,e3b0c44298fc1c149afbf4c8996fb92427ae41e4649b934ca495991b7852b855,,True,True,True,candidate_and_eval_normalized_content_are_empty,keep_quarantined_and_rescan_after_extractor_fix,000153cafabe9b0e
33,frontier_multi_teacher|metadata/context_buckets|content_sha256:e3b0c44298fc1c149afbf4c8996fb92427ae41e4649b934ca495991b7852b855,frontier_multi_teacher,metadata/context_buckets/qwen3-le-65536.parquet#6892,metadata/context_buckets/qwen3-le-65536.parquet,metadata/context_buckets,867a0d2212838f740ca9332d9f04d384dedc6fe407ebfcfcc176049ef3b238a4,content_sha256:e3b0c44298fc1c149afbf4c8996fb92427ae41e4649b934ca495991b7852b855,1393704,1393704,japanese_mt_bench,430,quarantine_exact,full_content_sha256,1.0,e3b0c44298fc1c149afbf4c8996fb92427ae41e4649b934ca495991b7852b855,,True,True,True,candidate_and_eval_normalized_content_are_empty,keep_quarantined_and_rescan_after_extractor_fix,0001548d9879dbfe
34,frontier_multi_teacher|metadata/context_buckets|content_sha256:e3b0c44298fc1c149afbf4c8996fb92427ae41e4649b934ca495991b7852b855,frontier_multi_teacher,metadata/context_buckets/llama31_final-le-65536.parquet#39997,metadata/context_buckets/llama31_final-le-65536.parquet,metadata/context_buckets,39c05d17e2922a291f38f2b422fea4a5bf2bb75f7144a7649abe55ac8d79998e,content_sha256:e3b0c44298fc1c149afbf4c8996fb92427ae41e4649b934ca495991b7852b855,1393704,1393704,japanese_mt_bench,430,quarantine_exact,full_content_sha256,1.0,e3b0c44298fc1c149afbf4c8996fb92427ae41e4649b934ca495991b7852b855,,True,True,True,candidate_and_eval_normalized_content_are_empty,keep_quarantined_and_rescan_after_extractor_fix,00015b41c13ab04f
35,frontier_multi_teacher|data/glm47_native|content_sha256:e3b0c44298fc1c149afbf4c8996fb92427ae41e4649b934ca495991b7852b855,frontier_multi_teacher,data/glm47_native/train-00011-of-00021.parquet#1185,data/glm47_native/train-00011-of-00021.parquet,data/glm47_native,6481307ac6f4e917b2bc3577349facd302e197d0d66b1b358fc2b6f408314f0f,content_sha256:e3b0c44298fc1c149afbf4c8996fb92427ae41e4649b934ca495991b7852b855,1393704,1393704,japanese_mt_bench,430,quarantine_exact,full_content_sha256,1.0,e3b0c44298fc1c149afbf4c8996fb92427ae41e4649b934ca495991b7852b855,,True,True,True,candidate_and_eval_normalized_content_are_empty,keep_quarantined_and_rescan_after_extractor_fix,00017baf1d5cb92c
36,frontier_multi_teacher|data/canonical|content_sha256:e3b0c44298fc1c149afbf4c8996fb92427ae41e4649b934ca495991b7852b855,frontier_multi_teacher,data/canonical/validation-00000-of-00001.parquet#1907,data/canonical/validation-00000-of-00001.parquet,data/canonical,5a3f967c792c1ad365546d42db9c87c7a0fb06631b204ca542f406a3d0c8de4f,content_sha256:e3b0c44298fc1c149afbf4c8996fb92427ae41e4649b934ca495991b7852b855,1393704,1393704,japanese_mt_bench,430,quarantine_exact,full_content_sha256,1.0,e3b0c44298fc1c149afbf4c8996fb92427ae41e4649b934ca495991b7852b855,,True,True,True,candidate_and_eval_normalized_content_are_empty,keep_quarantined_and_rescan_after_extractor_fix,00018c2b0f6d75a6
37,frontier_multi_teacher|data/canonical|content_sha256:e3b0c44298fc1c149afbf4c8996fb92427ae41e4649b934ca495991b7852b855,frontier_multi_teacher,data/canonical/test-00000-of-00001.parquet#277,data/canonical/test-00000-of-00001.parquet,data/canonical,6b957c19138695bb20e17d333e722217048d8e1e55f7fb298b11d1d28d22b941,content_sha256:e3b0c44298fc1c149afbf4c8996fb92427ae41e4649b934ca495991b7852b855,1393704,1393704,japanese_mt_bench,430,quarantine_exact,full_content_sha256,1.0,e3b0c44298fc1c149afbf4c8996fb92427ae41e4649b934ca495991b7852b855,,True,True,True,candidate_and_eval_normalized_content_are_empty,keep_quarantined_and_rescan_after_extractor_fix,000199fa826312cb
38,frontier_multi_teacher|data/canonical|content_sha256:e3b0c44298fc1c149afbf4c8996fb92427ae41e4649b934ca495991b7852b855,frontier_multi_teacher,data/canonical/train-00002-of-00006.parquet#4345,data/canonical/train-00002-of-00006.parquet,data/canonical,b2e13e5929adcaa1860309a7cf1960e26ad676aa0b628ab3f0fa072c78ea90d4,content_sha256:e3b0c44298fc1c149afbf4c8996fb92427ae41e4649b934ca495991b7852b855,1393704,1393704,japanese_mt_bench,430,quarantine_exact,full_content_sha256,1.0,e3b0c44298fc1c149afbf4c8996fb92427ae41e4649b934ca495991b7852b855,,True,True,True,candidate_and_eval_normalized_content_are_empty,keep_quarantined_and_rescan_after_extractor_fix,00019c1c4ab47ef0
39,frontier_multi_teacher|metadata/parent_ids|content_sha256:e3b0c44298fc1c149afbf4c8996fb92427ae41e4649b934ca495991b7852b855,frontier_multi_teacher,metadata/parent_ids/sft_reasoning.parquet#19292,metadata/parent_ids/sft_reasoning.parquet,metadata/parent_ids,10f5480d5aec9b2f8cdeec9a2925aaf47d2469454098825d135114f5ec935a38,content_sha256:e3b0c44298fc1c149afbf4c8996fb92427ae41e4649b934ca495991b7852b855,1393704,1393704,japanese_mt_bench,430,quarantine_exact,full_content_sha256,1.0,e3b0c44298fc1c149afbf4c8996fb92427ae41e4649b934ca495991b7852b855,,True,True,True,candidate_and_eval_normalized_content_are_empty,keep_quarantined_and_rescan_after_extractor_fix,0001be9a69ff2228
40,frontier_multi_teacher|metadata/context_buckets|content_sha256:e3b0c44298fc1c149afbf4c8996fb92427ae41e4649b934ca495991b7852b855,frontier_multi_teacher,metadata/context_buckets/glm47-le-8192.parquet#34936,metadata/context_buckets/glm47-le-8192.parquet,metadata/context_buckets,93004099b441fb1d89562b6cb62f9e1f9a04e85dadafa987fd6c183400e98905,content_sha256:e3b0c44298fc1c149afbf4c8996fb92427ae41e4649b934ca495991b7852b855,1393704,1393704,japanese_mt_bench,430,quarantine_exact,full_content_sha256,1.0,e3b0c44298fc1c149afbf4c8996fb92427ae41e4649b934ca495991b7852b855,,True,True,True,candidate_and_eval_normalized_content_are_empty,keep_quarantined_and_rescan_after_extractor_fix,0001d0bcc7dc04f8
41,frontier_multi_teacher|metadata/context_buckets|content_sha256:e3b0c44298fc1c149afbf4c8996fb92427ae41e4649b934ca495991b7852b855,frontier_multi_teacher,metadata/context_buckets/glm47-le-131072.parquet#8802,metadata/context_buckets/glm47-le-131072.parquet,metadata/context_buckets,0d717246f8d18f556a9eccd2c357e79de61ee610a91ba5218c880118c87349c0,content_sha256:e3b0c44298fc1c149afbf4c8996fb92427ae41e4649b934ca495991b7852b855,1393704,1393704,japanese_mt_bench,430,quarantine_exact,full_content_sha256,1.0,e3b0c44298fc1c149afbf4c8996fb92427ae41e4649b934ca495991b7852b855,,True,True,True,candidate_and_eval_normalized_content_are_empty,keep_quarantined_and_rescan_after_extractor_fix,0001d8735c49731e
42,frontier_multi_teacher|metadata/context_buckets|content_sha256:e3b0c44298fc1c149afbf4c8996fb92427ae41e4649b934ca495991b7852b855,frontier_multi_teacher,metadata/context_buckets/qwen3-le-65536.parquet#13745,metadata/context_buckets/qwen3-le-65536.parquet,metadata/context_buckets,64dfa029b1df2c2ec001aabe5fe489a7da7204aebfb04fbeb540ff6f2d98e7ab,content_sha256:e3b0c44298fc1c149afbf4c8996fb92427ae41e4649b934ca495991b7852b855,1393704,1393704,japanese_mt_bench,430,quarantine_exact,full_content_sha256,1.0,e3b0c44298fc1c149afbf4c8996fb92427ae41e4649b934ca495991b7852b855,,True,True,True,candidate_and_eval_normalized_content_are_empty,keep_quarantined_and_rescan_after_extractor_fix,0001e9f5e75705b8
43,frontier_multi_teacher|data/prompt_completion_text|content_sha256:e3b0c44298fc1c149afbf4c8996fb92427ae41e4649b934ca495991b7852b855,frontier_multi_teacher,data/prompt_completion_text/train-00003-of-00005.parquet#8193,data/prompt_completion_text/train-00003-of-00005.parquet,data/prompt_completion_text,6e111164e0560b43ee9d17438038d4564bf3bf1d12cafa566b3979bf2276d046,content_sha256:e3b0c44298fc1c149afbf4c8996fb92427ae41e4649b934ca495991b7852b855,1393704,1393704,japanese_mt_bench,430,quarantine_exact,full_content_sha256,1.0,e3b0c44298fc1c149afbf4c8996fb92427ae41e4649b934ca495991b7852b855,,True,True,True,candidate_and_eval_normalized_content_are_empty,keep_quarantined_and_rescan_after_extractor_fix,0001edf79e40f98f
44,frontier_multi_teacher|data/glm47_native|content_sha256:e3b0c44298fc1c149afbf4c8996fb92427ae41e4649b934ca495991b7852b855,frontier_multi_teacher,data/glm47_native/train-00007-of-00021.parquet#2077,data/glm47_native/train-00007-of-00021.parquet,data/glm47_native,810596561095011d4ae5234f98269285933409731111cc2c2c18e0e2bd65189b,content_sha256:e3b0c44298fc1c149afbf4c8996fb92427ae41e4649b934ca495991b7852b855,1393704,1393704,japanese_mt_bench,430,quarantine_exact,full_content_sha256,1.0,e3b0c44298fc1c149afbf4c8996fb92427ae41e4649b934ca495991b7852b855,,True,True,True,candidate_and_eval_normalized_content_are_empty,keep_quarantined_and_rescan_after_extractor_fix,0002024ce2b48205
45,frontier_multi_teacher|metadata/context_buckets|content_sha256:e3b0c44298fc1c149afbf4c8996fb92427ae41e4649b934ca495991b7852b855,frontier_multi_teacher,metadata/context_buckets/llama31_final-le-16384.parquet#46635,metadata/context_buckets/llama31_final-le-16384.parquet,metadata/context_buckets,7cfbc46aae67763ef87e71e5f6076502a11dd1e68b58bc2cfbfd4951aa8dfe76,content_sha256:e3b0c44298fc1c149afbf4c8996fb92427ae41e4649b934ca495991b7852b855,1393704,1393704,japanese_mt_bench,430,quarantine_exact,full_content_sha256,1.0,e3b0c44298fc1c149afbf4c8996fb92427ae41e4649b934ca495991b7852b855,,True,True,True,candidate_and_eval_normalized_content_are_empty,keep_quarantined_and_rescan_after_extractor_fix,000223fe4a442808
46,frontier_multi_teacher|data/glm47_native|content_sha256:e3b0c44298fc1c149afbf4c8996fb92427ae41e4649b934ca495991b7852b855,frontier_multi_teacher,data/glm47_native/train-00007-of-00019.parquet#1392,data/glm47_native/train-00007-of-00019.parquet,data/glm47_native,8160076841a3e79b111fec817c5edda89f06762fc8b026178edbfa57988505c7,content_sha256:e3b0c44298fc1c149afbf4c8996fb92427ae41e4649b934ca495991b7852b855,1393704,1393704,japanese_mt_bench,430,quarantine_exact,full_content_sha256,1.0,e3b0c44298fc1c149afbf4c8996fb92427ae41e4649b934ca495991b7852b855,,True,True,True,candidate_and_eval_normalized_content_are_empty,keep_quarantined_and_rescan_after_extractor_fix,00022846eb53d77c
47,frontier_multi_teacher|metadata/context_buckets|content_sha256:e3b0c44298fc1c149afbf4c8996fb92427ae41e4649b934ca495991b7852b855,frontier_multi_teacher,metadata/context_buckets/qwen3-le-131072.parquet#27124,metadata/context_buckets/qwen3-le-131072.parquet,metadata/context_buckets,0ad552f28b8faa8397c2e285f6446cb7ceb379bfee03c24ef14e93b01e809581,content_sha256:e3b0c44298fc1c149afbf4c8996fb92427ae41e4649b934ca495991b7852b855,1393704,1393704,japanese_mt_bench,430,quarantine_exact,full_content_sha256,1.0,e3b0c44298fc1c149afbf4c8996fb92427ae41e4649b934ca495991b7852b855,,True,True,True,candidate_and_eval_normalized_content_are_empty,keep_quarantined_and_rescan_after_extractor_fix,00023fa786403d5e
48,frontier_multi_teacher|metadata/context_buckets|content_sha256:e3b0c44298fc1c149afbf4c8996fb92427ae41e4649b934ca495991b7852b855,frontier_multi_teacher,metadata/context_buckets/llama31_final-le-65536.parquet#45151,metadata/context_buckets/llama31_final-le-65536.parquet,metadata/context_buckets,11e262f4e3cfd976062a9fef2de19626f567ec44821361264d8059261b7bd83d,content_sha256:e3b0c44298fc1c149afbf4c8996fb92427ae41e4649b934ca495991b7852b855,1393704,1393704,japanese_mt_bench,430,quarantine_exact,full_content_sha256,1.0,e3b0c44298fc1c149afbf4c8996fb92427ae41e4649b934ca495991b7852b855,,True,True,True,candidate_and_eval_normalized_content_are_empty,keep_quarantined_and_rescan_after_extractor_fix,00024747d917fcee
49,frontier_multi_teacher|metadata/context_buckets|content_sha256:e3b0c44298fc1c149afbf4c8996fb92427ae41e4649b934ca495991b7852b855,frontier_multi_teacher,metadata/context_buckets/llama31_final-le-131072.parquet#48476,metadata/context_buckets/llama31_final-le-131072.parquet,metadata/context_buckets,b1fe7ab192caa66634bc455d8d14a5236b08f48fbb9124e9368f66b1d6c82f27,content_sha256:e3b0c44298fc1c149afbf4c8996fb92427ae41e4649b934ca495991b7852b855,1393704,1393704,japanese_mt_bench,430,quarantine_exact,full_content_sha256,1.0,e3b0c44298fc1c149afbf4c8996fb92427ae41e4649b934ca495991b7852b855,,True,True,True,candidate_and_eval_normalized_content_are_empty,keep_quarantined_and_rescan_after_extractor_fix,000250dbe8efb8d7
50,frontier_multi_teacher|metadata/context_buckets|content_sha256:e3b0c44298fc1c149afbf4c8996fb92427ae41e4649b934ca495991b7852b855,frontier_multi_teacher,metadata/context_buckets/qwen3-le-32768.parquet#15480,metadata/context_buckets/qwen3-le-32768.parquet,metadata/context_buckets,46ff475201f3432b4861196d75513bdedfb680336c0eb8bd537196c8ec1b0623,content_sha256:e3b0c44298fc1c149afbf4c8996fb92427ae41e4649b934ca495991b7852b855,1393704,1393704,japanese_mt_bench,430,quarantine_exact,full_content_sha256,1.0,e3b0c44298fc1c149afbf4c8996fb92427ae41e4649b934ca495991b7852b855,,True,True,True,candidate_and_eval_normalized_content_are_empty,keep_quarantined_and_rescan_after_extractor_fix,00025cee327f64bc
51,frontier_multi_teacher|data/canonical|content_sha256:e3b0c44298fc1c149afbf4c8996fb92427ae41e4649b934ca495991b7852b855,frontier_multi_teacher,data/canonical/train-00003-of-00005.parquet#2588,data/canonical/train-00003-of-00005.parquet,data/canonical,9225e8067dc11dd5fb386ba2fe569e85a00809f633cca1803f1e2c1bf3857eaa,content_sha256:e3b0c44298fc1c149afbf4c8996fb92427ae41e4649b934ca495991b7852b855,1393704,1393704,japanese_mt_bench,430,quarantine_exact,full_content_sha256,1.0,e3b0c44298fc1c149afbf4c8996fb92427ae41e4649b934ca495991b7852b855,,True,True,True,candidate_and_eval_normalized_content_are_empty,keep_quarantined_and_rescan_after_extractor_fix,00026feda2800bc4
52,frontier_multi_teacher|metadata/context_buckets|content_sha256:e3b0c44298fc1c149afbf4c8996fb92427ae41e4649b934ca495991b7852b855,frontier_multi_teacher,metadata/context_buckets/glm47-le-8192.parquet#47657,metadata/context_buckets/glm47-le-8192.parquet,metadata/context_buckets,bd80e8981333d2b27118858cb2b9a18a221cea7cd29a4679031349930461935f,content_sha256:e3b0c44298fc1c149afbf4c8996fb92427ae41e4649b934ca495991b7852b855,1393704,1393704,japanese_mt_bench,430,quarantine_exact,full_content_sha256,1.0,e3b0c44298fc1c149afbf4c8996fb92427ae41e4649b934ca495991b7852b855,,True,True,True,candidate_and_eval_normalized_content_are_empty,keep_quarantined_and_rescan_after_extractor_fix,000275e04ce9c9e8
53,frontier_multi_teacher|data/prompt_completion_text|content_sha256:e3b0c44298fc1c149afbf4c8996fb92427ae41e4649b934ca495991b7852b855,frontier_multi_teacher,data/prompt_completion_text/train-00001-of-00005.parquet#826,data/prompt_completion_text/train-00001-of-00005.parquet,data/prompt_completion_text,0bf9b744914298ca52ab2a9f87d8d219628f07726388e6baec8cd84565664ab2,content_sha256:e3b0c44298fc1c149afbf4c8996fb92427ae41e4649b934ca495991b7852b855,1393704,1393704,japanese_mt_bench,430,quarantine_exact,full_content_sha256,1.0,e3b0c44298fc1c149afbf4c8996fb92427ae41e4649b934ca495991b7852b855,,True,True,True,candidate_and_eval_normalized_content_are_empty,keep_quarantined_and_rescan_after_extractor_fix,00027a9b69e59221
54,frontier_multi_teacher|data/token_stats|content_sha256:e3b0c44298fc1c149afbf4c8996fb92427ae41e4649b934ca495991b7852b855,frontier_multi_teacher,data/token_stats/train-00002-of-00006.parquet#7371,data/token_stats/train-00002-of-00006.parquet,data/token_stats,bbfabc6ed6825bb28980532f6be793c2b2fd83c4190b6c8344f11e1ce6faa857,content_sha256:e3b0c44298fc1c149afbf4c8996fb92427ae41e4649b934ca495991b7852b855,1393704,1393704,japanese_mt_bench,430,quarantine_exact,full_content_sha256,1.0,e3b0c44298fc1c149afbf4c8996fb92427ae41e4649b934ca495991b7852b855,,True,True,True,candidate_and_eval_normalized_content_are_empty,keep_quarantined_and_rescan_after_extractor_fix,0002809c0f7cd78e
55,frontier_multi_teacher|data/glm47_native|content_sha256:e3b0c44298fc1c149afbf4c8996fb92427ae41e4649b934ca495991b7852b855,frontier_multi_teacher,data/glm47_native/train-00004-of-00021.parquet#721,data/glm47_native/train-00004-of-00021.parquet,data/glm47_native,965285d229cfc464c448dd98192b06ffb2ca07f78569d440e239fe142ab1e7c0,content_sha256:e3b0c44298fc1c149afbf4c8996fb92427ae41e4649b934ca495991b7852b855,1393704,1393704,japanese_mt_bench,430,quarantine_exact,full_content_sha256,1.0,e3b0c44298fc1c149afbf4c8996fb92427ae41e4649b934ca495991b7852b855,,True,True,True,candidate_and_eval_normalized_content_are_empty,keep_quarantined_and_rescan_after_extractor_fix,0002840f610fbd5a
56,frontier_multi_teacher|metadata/context_buckets|content_sha256:e3b0c44298fc1c149afbf4c8996fb92427ae41e4649b934ca495991b7852b855,frontier_multi_teacher,metadata/context_buckets/glm47-le-16384.parquet#19875,metadata/context_buckets/glm47-le-16384.parquet,metadata/context_buckets,bd09e9f8cc311adbbda6ba6711d66413332f82e696f7726ad95dbf8f2a15d571,content_sha256:e3b0c44298fc1c149afbf4c8996fb92427ae41e4649b934ca495991b7852b855,1393704,1393704,japanese_mt_bench,430,quarantine_exact,full_content_sha256,1.0,e3b0c44298fc1c149afbf4c8996fb92427ae41e4649b934ca495991b7852b855,,True,True,True,candidate_and_eval_normalized_content_are_empty,keep_quarantined_and_rescan_after_extractor_fix,00028c262fcbadc4
57,frontier_multi_teacher|data/token_stats|content_sha256:e3b0c44298fc1c149afbf4c8996fb92427ae41e4649b934ca495991b7852b855,frontier_multi_teacher,data/token_stats/train-00000-of-00006.parquet#8546,data/token_stats/train-00000-of-00006.parquet,data/token_stats,0d81ca9d52a76bdea1531b006b1a64660154ea5848b8623f89ab41e8a993a416,content_sha256:e3b0c44298fc1c149afbf4c8996fb92427ae41e4649b934ca495991b7852b855,1393704,1393704,japanese_mt_bench,430,quarantine_exact,full_content_sha256,1.0,e3b0c44298fc1c149afbf4c8996fb92427ae41e4649b934ca495991b7852b855,,True,True,True,candidate_and_eval_normalized_content_are_empty,keep_quarantined_and_rescan_after_extractor_fix,0002a2e9a6240736
58,frontier_multi_teacher|data/token_stats|content_sha256:e3b0c44298fc1c149afbf4c8996fb92427ae41e4649b934ca495991b7852b855,frontier_multi_teacher,data/token_stats/train-00004-of-00006.parquet#673,data/token_stats/train-00004-of-00006.parquet,data/token_stats,55a1eb42b63922072e1d542dc190efaa894e8af58cb6f7a41d55921fc68a1d51,content_sha256:e3b0c44298fc1c149afbf4c8996fb92427ae41e4649b934ca495991b7852b855,1393704,1393704,japanese_mt_bench,430,quarantine_exact,full_content_sha256,1.0,e3b0c44298fc1c149afbf4c8996fb92427ae41e4649b934ca495991b7852b855,,True,True,True,candidate_and_eval_normalized_content_are_empty,keep_quarantined_and_rescan_after_extractor_fix,0002a47e9e60729e
59,frontier_multi_teacher|metadata/context_buckets|content_sha256:e3b0c44298fc1c149afbf4c8996fb92427ae41e4649b934ca495991b7852b855,frontier_multi_teacher,metadata/context_buckets/llama31_final-le-131072.parquet#49148,metadata/context_buckets/llama31_final-le-131072.parquet,metadata/context_buckets,fc923baf0d5f6c642cdc8a75e1653df384c7c5a256f6c41dfa34029e63fbf5eb,content_sha256:e3b0c44298fc1c149afbf4c8996fb92427ae41e4649b934ca495991b7852b855,1393704,1393704,japanese_mt_bench,430,quarantine_exact,full_content_sha256,1.0,e3b0c44298fc1c149afbf4c8996fb92427ae41e4649b934ca495991b7852b855,,True,True,True,candidate_and_eval_normalized_content_are_empty,keep_quarantined_and_rescan_after_extractor_fix,0002b978dc5d9fbb
60,frontier_multi_teacher|metadata/context_buckets|content_sha256:e3b0c44298fc1c149afbf4c8996fb92427ae41e4649b934ca495991b7852b855,frontier_multi_teacher,metadata/context_buckets/glm47-le-131072.parquet#42823,metadata/context_buckets/glm47-le-131072.parquet,metadata/context_buckets,6f6a2053c576f4d66cc9bbf1e84f902398b361f044a92e9719ad5fc341cb5c98,content_sha256:e3b0c44298fc1c149afbf4c8996fb92427ae41e4649b934ca495991b7852b855,1393704,1393704,japanese_mt_bench,430,quarantine_exact,full_content_sha256,1.0,e3b0c44298fc1c149afbf4c8996fb92427ae41e4649b934ca495991b7852b855,,True,True,True,candidate_and_eval_normalized_content_are_empty,keep_quarantined_and_rescan_after_extractor_fix,0002cad737ca52b6
61,frontier_multi_teacher|metadata/context_buckets|content_sha256:e3b0c44298fc1c149afbf4c8996fb92427ae41e4649b934ca495991b7852b855,frontier_multi_teacher,metadata/context_buckets/llama31_final-le-65536.parquet#27472,metadata/context_buckets/llama31_final-le-65536.parquet,metadata/context_buckets,4b25825065245961616dbf3cd68780f3b912155f6238e315000f4419d18fbc5c,content_sha256:e3b0c44298fc1c149afbf4c8996fb92427ae41e4649b934ca495991b7852b855,1393704,1393704,japanese_mt_bench,430,quarantine_exact,full_content_sha256,1.0,e3b0c44298fc1c149afbf4c8996fb92427ae41e4649b934ca495991b7852b855,,True,True,True,candidate_and_eval_normalized_content_are_empty,keep_quarantined_and_rescan_after_extractor_fix,0002d3f8c8c502e3
62,frontier_multi_teacher|metadata/context_buckets|content_sha256:e3b0c44298fc1c149afbf4c8996fb92427ae41e4649b934ca495991b7852b855,frontier_multi_teacher,metadata/context_buckets/qwen3-le-8192.parquet#20307,metadata/context_buckets/qwen3-le-8192.parquet,metadata/context_buckets,822a6dab8d62491e6407c50caa8e24ff9f4e7fc1e4ed65c861a481faed0d4a2d,content_sha256:e3b0c44298fc1c149afbf4c8996fb92427ae41e4649b934ca495991b7852b855,1393704,1393704,japanese_mt_bench,430,quarantine_exact,full_content_sha256,1.0,e3b0c44298fc1c149afbf4c8996fb92427ae41e4649b934ca495991b7852b855,,True,True,True,candidate_and_eval_normalized_content_are_empty,keep_quarantined_and_rescan_after_extractor_fix,0002e00b8902c9b3
63,frontier_multi_teacher|data/glm47_native|content_sha256:e3b0c44298fc1c149afbf4c8996fb92427ae41e4649b934ca495991b7852b855,frontier_multi_teacher,data/glm47_native/train-00010-of-00021.parquet#1755,data/glm47_native/train-00010-of-00021.parquet,data/glm47_native,3caf20cf813f1945ea7632e43aa88c42296c72f0f68796ed55e4c93b7792d8d4,content_sha256:e3b0c44298fc1c149afbf4c8996fb92427ae41e4649b934ca495991b7852b855,1393704,1393704,japanese_mt_bench,430,quarantine_exact,full_content_sha256,1.0,e3b0c44298fc1c149afbf4c8996fb92427ae41e4649b934ca495991b7852b855,,True,True,True,candidate_and_eval_normalized_content_are_empty,keep_quarantined_and_rescan_after_extractor_fix,0002ff2e8aca7034
64,frontier_multi_teacher|metadata/context_buckets|content_sha256:e3b0c44298fc1c149afbf4c8996fb92427ae41e4649b934ca495991b7852b855,frontier_multi_teacher,metadata/context_buckets/qwen3-le-8192.parquet#9519,metadata/context_buckets/qwen3-le-8192.parquet,metadata/context_buckets,61d7bdf9e1702282205dfe432d70ed72e01d13594cc15184ba143db93ef87132,content_sha256:e3b0c44298fc1c149afbf4c8996fb92427ae41e4649b934ca495991b7852b855,1393704,1393704,japanese_mt_bench,430,quarantine_exact,full_content_sha256,1.0,e3b0c44298fc1c149afbf4c8996fb92427ae41e4649b934ca495991b7852b855,,True,True,True,candidate_and_eval_normalized_content_are_empty,keep_quarantined_and_rescan_after_extractor_fix,00030bcfcfca07f6
65,frontier_multi_teacher|metadata/context_buckets|content_sha256:e3b0c44298fc1c149afbf4c8996fb92427ae41e4649b934ca495991b7852b855,frontier_multi_teacher,metadata/context_buckets/llama31_final-le-65536.parquet#8031,metadata/context_buckets/llama31_final-le-65536.parquet,metadata/context_buckets,f4d2bfb6507a3116af15a4e1dae9c77ac3416d9d9b9301bedcd40266aa482e9c,content_sha256:e3b0c44298fc1c149afbf4c8996fb92427ae41e4649b934ca495991b7852b855,1393704,1393704,japanese_mt_bench,430,quarantine_exact,full_content_sha256,1.0,e3b0c44298fc1c149afbf4c8996fb92427ae41e4649b934ca495991b7852b855,,True,True,True,candidate_and_eval_normalized_content_are_empty,keep_quarantined_and_rescan_after_extractor_fix,00031a523da36cfc
66,frontier_multi_teacher|data/canonical|content_sha256:e3b0c44298fc1c149afbf4c8996fb92427ae41e4649b934ca495991b7852b855,frontier_multi_teacher,data/canonical/train-00003-of-00006.parquet#5881,data/canonical/train-00003-of-00006.parquet,data/canonical,4cdadaf9c971702c11dc3f5ca75b519092303c38463df3ce286f2c1e7d971ff2,content_sha256:e3b0c44298fc1c149afbf4c8996fb92427ae41e4649b934ca495991b7852b855,1393704,1393704,japanese_mt_bench,430,quarantine_exact,full_content_sha256,1.0,e3b0c44298fc1c149afbf4c8996fb92427ae41e4649b934ca495991b7852b855,,True,True,True,candidate_and_eval_normalized_content_are_empty,keep_quarantined_and_rescan_after_extractor_fix,0003239de645e59c
67,frontier_multi_teacher|metadata/context_buckets|content_sha256:e3b0c44298fc1c149afbf4c8996fb92427ae41e4649b934ca495991b7852b855,frontier_multi_teacher,metadata/context_buckets/glm47-le-65536.parquet#28085,metadata/context_buckets/glm47-le-65536.parquet,metadata/context_buckets,bee744379a5d247c29441d8493056380b1fddd3377d37d9985945b8481d2005c,content_sha256:e3b0c44298fc1c149afbf4c8996fb92427ae41e4649b934ca495991b7852b855,1393704,1393704,japanese_mt_bench,430,quarantine_exact,full_content_sha256,1.0,e3b0c44298fc1c149afbf4c8996fb92427ae41e4649b934ca495991b7852b855,,True,True,True,candidate_and_eval_normalized_content_are_empty,keep_quarantined_and_rescan_after_extractor_fix,00032bc78f7ff8c2
68,frontier_multi_teacher|data/prompt_completion_text|content_sha256:e3b0c44298fc1c149afbf4c8996fb92427ae41e4649b934ca495991b7852b855,frontier_multi_teacher,data/prompt_completion_text/train-00001-of-00005.parquet#9209,data/prompt_completion_text/train-00001-of-00005.parquet,data/prompt_completion_text,aabb36b322fbd547207a55c6fef70dc79951f9e967dc4b5ed9216571e5fed4de,content_sha256:e3b0c44298fc1c149afbf4c8996fb92427ae41e4649b934ca495991b7852b855,1393704,1393704,japanese_mt_bench,430,quarantine_exact,full_content_sha256,1.0,e3b0c44298fc1c149afbf4c8996fb92427ae41e4649b934ca495991b7852b855,,True,True,True,candidate_and_eval_normalized_content_are_empty,keep_quarantined_and_rescan_after_extractor_fix,00032c9e7b24ff69
69,frontier_multi_teacher|metadata/context_buckets|content_sha256:e3b0c44298fc1c149afbf4c8996fb92427ae41e4649b934ca495991b7852b855,frontier_multi_teacher,metadata/context_buckets/qwen3-le-16384.parquet#20656,metadata/context_buckets/qwen3-le-16384.parquet,metadata/context_buckets,70f0a81820e62b04f13149b546b7568c7100407947faf30030d17aa63dc8cf74,content_sha256:e3b0c44298fc1c149afbf4c8996fb92427ae41e4649b934ca495991b7852b855,1393704,1393704,japanese_mt_bench,430,quarantine_exact,full_content_sha256,1.0,e3b0c44298fc1c149afbf4c8996fb92427ae41e4649b934ca495991b7852b855,,True,True,True,candidate_and_eval_normalized_content_are_empty,keep_quarantined_and_rescan_after_extractor_fix,00038c3cbf250fac
70,frontier_multi_teacher|metadata/context_buckets|content_sha256:e3b0c44298fc1c149afbf4c8996fb92427ae41e4649b934ca495991b7852b855,frontier_multi_teacher,metadata/context_buckets/glm47-le-8192.parquet#4543,metadata/context_buckets/glm47-le-8192.parquet,metadata/context_buckets,5137b057eb1a2cb188c0c8f0f47880544636c5be3acd75effc7201d14ecd2352,content_sha256:e3b0c44298fc1c149afbf4c8996fb92427ae41e4649b934ca495991b7852b855,1393704,1393704,japanese_mt_bench,430,quarantine_exact,full_content_sha256,1.0,e3b0c44298fc1c149afbf4c8996fb92427ae41e4649b934ca495991b7852b855,,True,True,True,candidate_and_eval_normalized_content_are_empty,keep_quarantined_and_rescan_after_extractor_fix,0003991f73931e22
71,frontier_multi_teacher|metadata/context_buckets|content_sha256:e3b0c44298fc1c149afbf4c8996fb92427ae41e4649b934ca495991b7852b855,frontier_multi_teacher,metadata/context_buckets/glm47-le-32768.parquet#1990,metadata/context_buckets/glm47-le-32768.parquet,metadata/context_buckets,0487b4d96d18b42d5e65276aecffbdb9b7c21caa0fd3d0a14202a094c203ecf8,content_sha256:e3b0c44298fc1c149afbf4c8996fb92427ae41e4649b934ca495991b7852b855,1393704,1393704,japanese_mt_bench,430,quarantine_exact,full_content_sha256,1.0,e3b0c44298fc1c149afbf4c8996fb92427ae41e4649b934ca495991b7852b855,,True,True,True,candidate_and_eval_normalized_content_are_empty,keep_quarantined_and_rescan_after_extractor_fix,0003a0e80c95d2dd
72,frontier_multi_teacher|metadata/context_buckets|content_sha256:e3b0c44298fc1c149afbf4c8996fb92427ae41e4649b934ca495991b7852b855,frontier_multi_teacher,metadata/context_buckets/glm47-le-16384.parquet#24632,metadata/context_buckets/glm47-le-16384.parquet,metadata/context_buckets,0fec4f8da17828b707d09fdff75874590fe8f8dafd563b2907d8dfa4ba87d9cc,content_sha256:e3b0c44298fc1c149afbf4c8996fb92427ae41e4649b934ca495991b7852b855,1393704,1393704,japanese_mt_bench,430,quarantine_exact,full_content_sha256,1.0,e3b0c44298fc1c149afbf4c8996fb92427ae41e4649b934ca495991b7852b855,,True,True,True,candidate_and_eval_normalized_content_are_empty,keep_quarantined_and_rescan_after_extractor_fix,0003be0c8ae70e5d
73,frontier_multi_teacher|metadata/context_buckets|content_sha256:e3b0c44298fc1c149afbf4c8996fb92427ae41e4649b934ca495991b7852b855,frontier_multi_teacher,metadata/context_buckets/llama31_final-le-16384.parquet#51353,metadata/context_buckets/llama31_final-le-16384.parquet,metadata/context_buckets,21e10fe9eab4625b7b0ccc4b3369373d219ce93970a5286db5ce06708399040b,content_sha256:e3b0c44298fc1c149afbf4c8996fb92427ae41e4649b934ca495991b7852b855,1393704,1393704,japanese_mt_bench,430,quarantine_exact,full_content_sha256,1.0,e3b0c44298fc1c149afbf4c8996fb92427ae41e4649b934ca495991b7852b855,,True,True,True,candidate_and_eval_normalized_content_are_empty,keep_quarantined_and_rescan_after_extractor_fix,0003cc5460ddab68
74,frontier_multi_teacher|metadata/context_buckets|content_sha256:e3b0c44298fc1c149afbf4c8996fb92427ae41e4649b934ca495991b7852b855,frontier_multi_teacher,metadata/context_buckets/llama31_final-le-4096.parquet#28382,metadata/context_buckets/llama31_final-le-4096.parquet,metadata/context_buckets,44135b784ef2d41a16aeef06ed9ce40ae744c9c70db2511abb8eb5ddab3fc0d4,content_sha256:e3b0c44298fc1c149afbf4c8996fb92427ae41e4649b934ca495991b7852b855,1393704,1393704,japanese_mt_bench,430,quarantine_exact,full_content_sha256,1.0,e3b0c44298fc1c149afbf4c8996fb92427ae41e4649b934ca495991b7852b855,,True,True,True,candidate_and_eval_normalized_content_are_empty,keep_quarantined_and_rescan_after_extractor_fix,0003cebca9c17fc6
75,frontier_multi_teacher|data/glm47_native|content_sha256:e3b0c44298fc1c149afbf4c8996fb92427ae41e4649b934ca495991b7852b855,frontier_multi_teacher,data/glm47_native/train-00001-of-00019.parquet#327,data/glm47_native/train-00001-of-00019.parquet,data/glm47_native,9dfd1abad8c362147b9ee9e3dbac5f2f03e787ef086c1f7d9b55de7167545c0b,content_sha256:e3b0c44298fc1c149afbf4c8996fb92427ae41e4649b934ca495991b7852b855,1393704,1393704,japanese_mt_bench,430,quarantine_exact,full_content_sha256,1.0,e3b0c44298fc1c149afbf4c8996fb92427ae41e4649b934ca495991b7852b855,,True,True,True,candidate_and_eval_normalized_content_are_empty,keep_quarantined_and_rescan_after_extractor_fix,0003d1eb4392f655
76,frontier_multi_teacher|metadata/context_buckets|content_sha256:e3b0c44298fc1c149afbf4c8996fb92427ae41e4649b934ca495991b7852b855,frontier_multi_teacher,metadata/context_buckets/qwen3-le-131072.parquet#22846,metadata/context_buckets/qwen3-le-131072.parquet,metadata/context_buckets,fcbc1b625146e45f7bdcc34ed0035afdc4d621e8c92c7b8b044f25c085ead98e,content_sha256:e3b0c44298fc1c149afbf4c8996fb92427ae41e4649b934ca495991b7852b855,1393704,1393704,japanese_mt_bench,430,quarantine_exact,full_content_sha256,1.0,e3b0c44298fc1c149afbf4c8996fb92427ae41e4649b934ca495991b7852b855,,True,True,True,candidate_and_eval_normalized_content_are_empty,keep_quarantined_and_rescan_after_extractor_fix,0003e482d0e6e703
77,frontier_multi_teacher|metadata/context_buckets|content_sha256:e3b0c44298fc1c149afbf4c8996fb92427ae41e4649b934ca495991b7852b855,frontier_multi_teacher,metadata/context_buckets/glm47-le-131072.parquet#26507,metadata/context_buckets/glm47-le-131072.parquet,metadata/context_buckets,e43fddcc0415da5269c3585ba9dc4cca18ec73fe1b504646f3303dac6fc025b1,content_sha256:e3b0c44298fc1c149afbf4c8996fb92427ae41e4649b934ca495991b7852b855,1393704,1393704,japanese_mt_bench,430,quarantine_exact,full_content_sha256,1.0,e3b0c44298fc1c149afbf4c8996fb92427ae41e4649b934ca495991b7852b855,,True,True,True,candidate_and_eval_normalized_content_are_empty,keep_quarantined_and_rescan_after_extractor_fix,000403727d728498
78,frontier_multi_teacher|metadata/context_buckets|content_sha256:e3b0c44298fc1c149afbf4c8996fb92427ae41e4649b934ca495991b7852b855,frontier_multi_teacher,metadata/context_buckets/glm47-le-4096.parquet#12766,metadata/context_buckets/glm47-le-4096.parquet,metadata/context_buckets,7a19e061fa453f39c625e70e213bbbde10ecddece59b3dbfbbb8c1133a50a4ad,content_sha256:e3b0c44298fc1c149afbf4c8996fb92427ae41e4649b934ca495991b7852b855,1393704,1393704,japanese_mt_bench,430,quarantine_exact,full_content_sha256,1.0,e3b0c44298fc1c149afbf4c8996fb92427ae41e4649b934ca495991b7852b855,,True,True,True,candidate_and_eval_normalized_content_are_empty,keep_quarantined_and_rescan_after_extractor_fix,00041a9c25a2cb79
79,frontier_multi_teacher|metadata/context_buckets|content_sha256:e3b0c44298fc1c149afbf4c8996fb92427ae41e4649b934ca495991b7852b855,frontier_multi_teacher,metadata/context_buckets/llama31_final-le-32768.parquet#1674,metadata/context_buckets/llama31_final-le-32768.parquet,metadata/context_buckets,84393fd4fd199205419518e02d1298c08001e0cabaa13b460f2a68e29edd37d6,content_sha256:e3b0c44298fc1c149afbf4c8996fb92427ae41e4649b934ca495991b7852b855,1393704,1393704,japanese_mt_bench,430,quarantine_exact,full_content_sha256,1.0,e3b0c44298fc1c149afbf4c8996fb92427ae41e4649b934ca495991b7852b855,,True,True,True,candidate_and_eval_normalized_content_are_empty,keep_quarantined_and_rescan_after_extractor_fix,000439861d2e7428
80,frontier_multi_teacher|metadata/context_buckets|content_sha256:e3b0c44298fc1c149afbf4c8996fb92427ae41e4649b934ca495991b7852b855,frontier_multi_teacher,metadata/context_buckets/qwen3-le-4096.parquet#16987,metadata/context_buckets/qwen3-le-4096.parquet,metadata/context_buckets,cb9c85ed55d9a435e54593a4759f15155e666ae90cbdf05f9094ccb00d8b43ea,content_sha256:e3b0c44298fc1c149afbf4c8996fb92427ae41e4649b934ca495991b7852b855,1393704,1393704,japanese_mt_bench,430,quarantine_exact,full_content_sha256,1.0,e3b0c44298fc1c149afbf4c8996fb92427ae41e4649b934ca495991b7852b855,,True,True,True,candidate_and_eval_normalized_content_are_empty,keep_quarantined_and_rescan_after_extractor_fix,00047641bdad6acd
81,frontier_multi_teacher|metadata/context_buckets|content_sha256:e3b0c44298fc1c149afbf4c8996fb92427ae41e4649b934ca495991b7852b855,frontier_multi_teacher,metadata/context_buckets/glm47-le-131072.parquet#523,metadata/context_buckets/glm47-le-131072.parquet,metadata/context_buckets,3d15d054dd31a8e29d064407f96f95dff2a1c9924c6125e758b359ebba8984c1,content_sha256:e3b0c44298fc1c149afbf4c8996fb92427ae41e4649b934ca495991b7852b855,1393704,1393704,japanese_mt_bench,430,quarantine_exact,full_content_sha256,1.0,e3b0c44298fc1c149afbf4c8996fb92427ae41e4649b934ca495991b7852b855,,True,True,True,candidate_and_eval_normalized_content_are_empty,keep_quarantined_and_rescan_after_extractor_fix,00047df70799ac09
82,frontier_multi_teacher|metadata/context_buckets|content_sha256:e3b0c44298fc1c149afbf4c8996fb92427ae41e4649b934ca495991b7852b855,frontier_multi_teacher,metadata/context_buckets/llama31_final-le-8192.parquet#31191,metadata/context_buckets/llama31_final-le-8192.parquet,metadata/context_buckets,fa4b95328d95ea9c92992329a4eeaa80a7b70025b2c03b4591138585d90dff9c,content_sha256:e3b0c44298fc1c149afbf4c8996fb92427ae41e4649b934ca495991b7852b855,1393704,1393704,japanese_mt_bench,430,quarantine_exact,full_content_sha256,1.0,e3b0c44298fc1c149afbf4c8996fb92427ae41e4649b934ca495991b7852b855,,True,True,True,candidate_and_eval_normalized_content_are_empty,keep_quarantined_and_rescan_after_extractor_fix,00048298bdec6737
83,frontier_multi_teacher|metadata/context_buckets|content_sha256:e3b0c44298fc1c149afbf4c8996fb92427ae41e4649b934ca495991b7852b855,frontier_multi_teacher,metadata/context_buckets/llama31_final-le-131072.parquet#9216,metadata/context_buckets/llama31_final-le-131072.parquet,metadata/context_buckets,7fe51918e0cd138d47f7e6ddc7b1eda6eaf3f0f3b9a3bba420f4845347905122,content_sha256:e3b0c44298fc1c149afbf4c8996fb92427ae41e4649b934ca495991b7852b855,1393704,1393704,japanese_mt_bench,430,quarantine_exact,full_content_sha256,1.0,e3b0c44298fc1c149afbf4c8996fb92427ae41e4649b934ca495991b7852b855,,True,True,True,candidate_and_eval_normalized_content_are_empty,keep_quarantined_and_rescan_after_extractor_fix,00048c9670c30426
84,frontier_multi_teacher|metadata/context_buckets|content_sha256:e3b0c44298fc1c149afbf4c8996fb92427ae41e4649b934ca495991b7852b855,frontier_multi_teacher,metadata/context_buckets/glm47-le-4096.parquet#17974,metadata/context_buckets/glm47-le-4096.parquet,metadata/context_buckets,d8483b16a9452a37e1204fd708260c9f0a2bd0404b28fb66da9d12095619040e,content_sha256:e3b0c44298fc1c149afbf4c8996fb92427ae41e4649b934ca495991b7852b855,1393704,1393704,japanese_mt_bench,430,quarantine_exact,full_content_sha256,1.0,e3b0c44298fc1c149afbf4c8996fb92427ae41e4649b934ca495991b7852b855,,True,True,True,candidate_and_eval_normalized_content_are_empty,keep_quarantined_and_rescan_after_extractor_fix,0004b22cd6c31693
85,frontier_multi_teacher|data/canonical|content_sha256:e3b0c44298fc1c149afbf4c8996fb92427ae41e4649b934ca495991b7852b855,frontier_multi_teacher,data/canonical/train-00002-of-00005.parquet#4833,data/canonical/train-00002-of-00005.parquet,data/canonical,8311d67d0e4e061ee3ce5a768bcd9d394f675ce12e6893d1caf7af79cca019dc,content_sha256:e3b0c44298fc1c149afbf4c8996fb92427ae41e4649b934ca495991b7852b855,1393704,1393704,japanese_mt_bench,430,quarantine_exact,full_content_sha256,1.0,e3b0c44298fc1c149afbf4c8996fb92427ae41e4649b934ca495991b7852b855,,True,True,True,candidate_and_eval_normalized_content_are_empty,keep_quarantined_and_rescan_after_extractor_fix,0004b4d883d1b4e2
86,frontier_multi_teacher|metadata/context_buckets|content_sha256:e3b0c44298fc1c149afbf4c8996fb92427ae41e4649b934ca495991b7852b855,frontier_multi_teacher,metadata/context_buckets/glm47-le-65536.parquet#33300,metadata/context_buckets/glm47-le-65536.parquet,metadata/context_buckets,c5cd007fd9f531a8c35ba1e702aa9e1d942654fdff41e90d5f877023e73f2d3e,content_sha256:e3b0c44298fc1c149afbf4c8996fb92427ae41e4649b934ca495991b7852b855,1393704,1393704,japanese_mt_bench,430,quarantine_exact,full_content_sha256,1.0,e3b0c44298fc1c149afbf4c8996fb92427ae41e4649b934ca495991b7852b855,,True,True,True,candidate_and_eval_normalized_content_are_empty,keep_quarantined_and_rescan_after_extractor_fix,0004be4411f361af
87,frontier_multi_teacher|data/glm47_native|content_sha256:e3b0c44298fc1c149afbf4c8996fb92427ae41e4649b934ca495991b7852b855,frontier_multi_teacher,data/glm47_native/train-00018-of-00021.parquet#1772,data/glm47_native/train-00018-of-00021.parquet,data/glm47_native,09d26420d890fe664702a1b80c7dec41f9c235ac9f08bab9d472ee0154f34400,content_sha256:e3b0c44298fc1c149afbf4c8996fb92427ae41e4649b934ca495991b7852b855,1393704,1393704,japanese_mt_bench,430,quarantine_exact,full_content_sha256,1.0,e3b0c44298fc1c149afbf4c8996fb92427ae41e4649b934ca495991b7852b855,,True,True,True,candidate_and_eval_normalized_content_are_empty,keep_quarantined_and_rescan_after_extractor_fix,0004bfcbd7daf300
88,frontier_multi_teacher|metadata/context_buckets|content_sha256:e3b0c44298fc1c149afbf4c8996fb92427ae41e4649b934ca495991b7852b855,frontier_multi_teacher,metadata/context_buckets/llama31_final-le-65536.parquet#4594,metadata/context_buckets/llama31_final-le-65536.parquet,metadata/context_buckets,4e0fe505528a91bba2f59d833169d9f1a15b14b5839867fa6aa13ba41ceb4223,content_sha256:e3b0c44298fc1c149afbf4c8996fb92427ae41e4649b934ca495991b7852b855,1393704,1393704,japanese_mt_bench,430,quarantine_exact,full_content_sha256,1.0,e3b0c44298fc1c149afbf4c8996fb92427ae41e4649b934ca495991b7852b855,,True,True,True,candidate_and_eval_normalized_content_are_empty,keep_quarantined_and_rescan_after_extractor_fix,0004d3cb86d30fc3
89,frontier_multi_teacher|data/token_stats|content_sha256:e3b0c44298fc1c149afbf4c8996fb92427ae41e4649b934ca495991b7852b855,frontier_multi_teacher,data/token_stats/train-00004-of-00006.parquet#696,data/token_stats/train-00004-of-00006.parquet,data/token_stats,ebb88e2490643cfe83b1b97a2121a8d6251eb83dc5216a8282887331ba922bba,content_sha256:e3b0c44298fc1c149afbf4c8996fb92427ae41e4649b934ca495991b7852b855,1393704,1393704,japanese_mt_bench,430,quarantine_exact,full_content_sha256,1.0,e3b0c44298fc1c149afbf4c8996fb92427ae41e4649b934ca495991b7852b855,,True,True,True,candidate_and_eval_normalized_content_are_empty,keep_quarantined_and_rescan_after_extractor_fix,0004d5c90661db65
90,frontier_multi_teacher|metadata/parent_ids|content_sha256:e3b0c44298fc1c149afbf4c8996fb92427ae41e4649b934ca495991b7852b855,frontier_multi_teacher,metadata/parent_ids/sft_reasoning.parquet#26123,metadata/parent_ids/sft_reasoning.parquet,metadata/parent_ids,ba0d9ba97cc9b27f44b3a78e17db3d5ab44d70447a86f09e04cf469c657bf068,content_sha256:e3b0c44298fc1c149afbf4c8996fb92427ae41e4649b934ca495991b7852b855,1393704,1393704,japanese_mt_bench,430,quarantine_exact,full_content_sha256,1.0,e3b0c44298fc1c149afbf4c8996fb92427ae41e4649b934ca495991b7852b855,,True,True,True,candidate_and_eval_normalized_content_are_empty,keep_quarantined_and_rescan_after_extractor_fix,0004dbfe5b8d496c
91,frontier_multi_teacher|data/token_stats|content_sha256:e3b0c44298fc1c149afbf4c8996fb92427ae41e4649b934ca495991b7852b855,frontier_multi_teacher,data/token_stats/train-00000-of-00006.parquet#6523,data/token_stats/train-00000-of-00006.parquet,data/token_stats,93574f2d0b0b811b169f3a5364e8ad0215f4d55db47bf3c43797e54ea94ab770,content_sha256:e3b0c44298fc1c149afbf4c8996fb92427ae41e4649b934ca495991b7852b855,1393704,1393704,japanese_mt_bench,430,quarantine_exact,full_content_sha256,1.0,e3b0c44298fc1c149afbf4c8996fb92427ae41e4649b934ca495991b7852b855,,True,True,True,candidate_and_eval_normalized_content_are_empty,keep_quarantined_and_rescan_after_extractor_fix,0005356761bf4904
92,frontier_multi_teacher|data/canonical|content_sha256:e3b0c44298fc1c149afbf4c8996fb92427ae41e4649b934ca495991b7852b855,frontier_multi_teacher,data/canonical/train-00001-of-00006.parquet#9715,data/canonical/train-00001-of-00006.parquet,data/canonical,fa5593249f4d9d7cf03f34397ee73d2fff6d29f67f24b37781d2634720fb6753,content_sha256:e3b0c44298fc1c149afbf4c8996fb92427ae41e4649b934ca495991b7852b855,1393704,1393704,japanese_mt_bench,430,quarantine_exact,full_content_sha256,1.0,e3b0c44298fc1c149afbf4c8996fb92427ae41e4649b934ca495991b7852b855,,True,True,True,candidate_and_eval_normalized_content_are_empty,keep_quarantined_and_rescan_after_extractor_fix,0005b9c8ba09f119
93,frontier_multi_teacher|metadata/parent_ids|content_sha256:e3b0c44298fc1c149afbf4c8996fb92427ae41e4649b934ca495991b7852b855,frontier_multi_teacher,metadata/parent_ids/prompt_completion_text.parquet#12857,metadata/parent_ids/prompt_completion_text.parquet,metadata/parent_ids,34cb0f6afde11c18b29ecb55e3a86cafd2caedce3f3fe12275a4c04484bf378b,content_sha256:e3b0c44298fc1c149afbf4c8996fb92427ae41e4649b934ca495991b7852b855,1393704,1393704,japanese_mt_bench,430,quarantine_exact,full_content_sha256,1.0,e3b0c44298fc1c149afbf4c8996fb92427ae41e4649b934ca495991b7852b855,,True,True,True,candidate_and_eval_normalized_content_are_empty,keep_quarantined_and_rescan_after_extractor_fix,00063bf851bd7099
94,frontier_multi_teacher|data/token_stats|content_sha256:e3b0c44298fc1c149afbf4c8996fb92427ae41e4649b934ca495991b7852b855,frontier_multi_teacher,data/token_stats/train-00001-of-00005.parquet#9464,data/token_stats/train-00001-of-00005.parquet,data/token_stats,de670cf5a0fe851c4180ab6cd1e47102789e8cfb558ca1c08c30856ad547af3e,content_sha256:e3b0c44298fc1c149afbf4c8996fb92427ae41e4649b934ca495991b7852b855,1393704,1393704,japanese_mt_bench,430,quarantine_exact,full_content_sha256,1.0,e3b0c44298fc1c149afbf4c8996fb92427ae41e4649b934ca495991b7852b855,,True,True,True,candidate_and_eval_normalized_content_are_empty,keep_quarantined_and_rescan_after_extractor_fix,00064a5308b79a66
95,frontier_multi_teacher|metadata/parent_ids|content_sha256:e3b0c44298fc1c149afbf4c8996fb92427ae41e4649b934ca495991b7852b855,frontier_multi_teacher,metadata/parent_ids/sft_reasoning.parquet#11843,metadata/parent_ids/sft_reasoning.parquet,metadata/parent_ids,c8c5726bf9c5167e384992fc1f3212395ff95113e5234d457671a69292936c4d,content_sha256:e3b0c44298fc1c149afbf4c8996fb92427ae41e4649b934ca495991b7852b855,1393704,1393704,japanese_mt_bench,430,quarantine_exact,full_content_sha256,1.0,e3b0c44298fc1c149afbf4c8996fb92427ae41e4649b934ca495991b7852b855,,True,True,True,candidate_and_eval_normalized_content_are_empty,keep_quarantined_and_rescan_after_extractor_fix,000667a24c886a5f
96,frontier_multi_teacher|metadata/parent_ids|content_sha256:e3b0c44298fc1c149afbf4c8996fb92427ae41e4649b934ca495991b7852b855,frontier_multi_teacher,metadata/parent_ids/sft_reasoning.parquet#1474,metadata/parent_ids/sft_reasoning.parquet,metadata/parent_ids,19d4f2b6ba698e9660510689d4fd53d9f882685f934bc4330212a427aa715296,content_sha256:e3b0c44298fc1c149afbf4c8996fb92427ae41e4649b934ca495991b7852b855,1393704,1393704,japanese_mt_bench,430,quarantine_exact,full_content_sha256,1.0,e3b0c44298fc1c149afbf4c8996fb92427ae41e4649b934ca495991b7852b855,,True,True,True,candidate_and_eval_normalized_content_are_empty,keep_quarantined_and_rescan_after_extractor_fix,00066d79e7a5eee1
97,frontier_multi_teacher|metadata/parent_ids|content_sha256:e3b0c44298fc1c149afbf4c8996fb92427ae41e4649b934ca495991b7852b855,frontier_multi_teacher,metadata/parent_ids/prompt_completion_text.parquet#10413,metadata/parent_ids/prompt_completion_text.parquet,metadata/parent_ids,563d42aecd88644a9458319a87bb22abc6fc29c0ab60589b48149386f897629b,content_sha256:e3b0c44298fc1c149afbf4c8996fb92427ae41e4649b934ca495991b7852b855,1393704,1393704,japanese_mt_bench,430,quarantine_exact,full_content_sha256,1.0,e3b0c44298fc1c149afbf4c8996fb92427ae41e4649b934ca495991b7852b855,,True,True,True,candidate_and_eval_normalized_content_are_empty,keep_quarantined_and_rescan_after_extractor_fix,0006940e0e68f593
98,frontier_multi_teacher|metadata/parent_ids|content_sha256:e3b0c44298fc1c149afbf4c8996fb92427ae41e4649b934ca495991b7852b855,frontier_multi_teacher,metadata/parent_ids/prompt_completion_text.parquet#12005,metadata/parent_ids/prompt_completion_text.parquet,metadata/parent_ids,086ba8d4214a1317e71e43d32f85ed231d99228cff3f39820bd4d92fbe49517f,content_sha256:e3b0c44298fc1c149afbf4c8996fb92427ae41e4649b934ca495991b7852b855,1393704,1393704,japanese_mt_bench,430,quarantine_exact,full_content_sha256,1.0,e3b0c44298fc1c149afbf4c8996fb92427ae41e4649b934ca495991b7852b855,,True,True,True,candidate_and_eval_normalized_content_are_empty,keep_quarantined_and_rescan_after_extractor_fix,00069dde243334c6
99,frontier_multi_teacher|data/rl_tool_prompts|content_sha256:e3b0c44298fc1c149afbf4c8996fb92427ae41e4649b934ca495991b7852b855,frontier_multi_teacher,data/rl_tool_prompts/train-00000-of-00001.parquet#4832,data/rl_tool_prompts/train-00000-of-00001.parquet,data/rl_tool_prompts,9e2780a42c5dc21ce82f25dfcdb638b6ad48e1004ca01c2d9d47bbe8a8344d56,content_sha256:e3b0c44298fc1c149afbf4c8996fb92427ae41e4649b934ca495991b7852b855,1393704,1393704,japanese_mt_bench,430,quarantine_exact,full_content_sha256,1.0,e3b0c44298fc1c149afbf4c8996fb92427ae41e4649b934ca495991b7852b855,,True,True,True,candidate_and_eval_normalized_content_are_empty,keep_quarantined_and_rescan_after_extractor_fix,00072c6f706d9920
100,frontier_multi_teacher|data/smoke|content_sha256:e3b0c44298fc1c149afbf4c8996fb92427ae41e4649b934ca495991b7852b855,frontier_multi_teacher,data/smoke/train-00000-of-00001.parquet#55,data/smoke/train-00000-of-00001.parquet,data/smoke,bee4f804bdf2f9961ffaffe0b238fbf222ebb81de9f0f39b67af3a9d2d4ffa9d,content_sha256:e3b0c44298fc1c149afbf4c8996fb92427ae41e4649b934ca495991b7852b855,1393704,1393704,japanese_mt_bench,430,quarantine_exact,full_content_sha256,1.0,e3b0c44298fc1c149afbf4c8996fb92427ae41e4649b934ca495991b7852b855,,True,True,True,candidate_and_eval_normalized_content_are_empty,keep_quarantined_and_rescan_after_extractor_fix,006d81b3192da2f4
